Rozmiar,Naiwna,Ulepszona,BLAS
100,0.000951,0.000492,0.000455
200,0.007320,0.003422,0.003620
300,0.026552,0.009516,0.009950
400,0.065702,0.026594,0.026249
500,0.134627,0.059845,0.059391
600,0.239504,0.111017,0.104934
700,0.389711,0.193764,0.170102
800,0.600157,0.889076,0.303193
900,0.879645,0.442465,0.368705
1000,1.232797,0.618574,0.520844
