Rozmiar,Naiwna,Ulepszona,BLAS
100,0.004541,0.002606,0.000677
200,0.031355,0.017560,0.003454
300,0.094823,0.055652,0.010033
400,0.221726,0.132294,0.025214
500,0.439659,0.267937,0.055307
600,0.756781,0.457692,0.098799
700,1.278843,0.752967,0.156128
800,1.816648,1.597746,0.237704
900,2.609513,1.735581,0.395192
1000,3.641727,2.424116,0.574498
